{"mean": [1.01307098813242e+19, 0.20738663211945566, 4.926889547116814], "std": [9.541496922699608e+17, 0.23016633993004615, 4.988811765528801]}